Column,Missing_Count,Missing_Percentage,Data_Type
q1_score,3549,7.098,float64
q24_score,3516,7.031999999999999,float64
q12_score,3497,6.994,float64
q2_score,3492,6.984,float64
q4_score,3482,6.9639999999999995,float64
q7_score,3459,6.918,float64
q19_score,3437,6.874,float64
q23_score,3433,6.866,float64
q21_score,3427,6.854,float64
q22_score,3420,6.84,float64
q6_score,3412,6.824,float64
q20_score,3412,6.824,float64
q8_score,3406,6.812,float64
q14_score,3400,6.800000000000001,float64
q13_score,3393,6.7860000000000005,float64
q15_score,3390,6.78,float64
q18_score,3390,6.78,float64
q25_score,3388,6.776,float64
q5_score,3379,6.758,float64
q11_score,3374,6.748,float64
q17_score,3374,6.748,float64
q10_score,3371,6.741999999999999,float64
q3_score,3359,6.718,float64
q16_score,3335,6.67,float64
q9_score,3310,6.619999999999999,float64
time_spent_minutes,1045,2.09,float64
logical_reasoning_score,1036,2.072,float64
test_date,1018,2.036,object
improvement_rate,1012,2.024,float64
previous_level,1008,2.016,float64
current_level,996,1.992,float64
practical_test_score,989,1.978,float64
user_id,985,1.97,float64
specialization_label,985,1.97,object
problem_solving_score,979,1.958,float64
filiere,966,1.932,object
