,count,percentage,lower_bound,upper_bound
q1_score,8772.0,17.544,0.5,4.5
q6_score,8755.0,17.51,0.5,4.5
q7_score,8752.0,17.504,0.5,4.5
q11_score,8710.0,17.419999999999998,0.5,4.5
q12_score,8683.0,17.366,0.5,4.5
q3_score,8668.0,17.336,0.5,4.5
q13_score,8656.0,17.312,0.5,4.5
q8_score,8622.0,17.244,0.5,4.5
q2_score,8614.0,17.227999999999998,0.5,4.5
time_spent_minutes,1231.0,2.4619999999999997,17.35671903649864,72.98837067690738
practical_test_score,596.0,1.192,28.87986277326014,110.86266999950173
logical_reasoning_score,325.0,0.65,32.641438909293925,97.3191995659264
problem_solving_score,149.0,0.298,30.089427297202,105.8162510709559
current_level,0.0,0.0,-1.0,7.0
previous_level,0.0,0.0,-1.0,7.0
improvement_rate,0.0,0.0,-0.30000000000000004,0.5
q5_score,0.0,0.0,-2.0,6.0
q4_score,0.0,0.0,-2.0,6.0
q9_score,0.0,0.0,-2.0,6.0
q10_score,0.0,0.0,-2.0,6.0
